,Title,url,Published,Sentiment
1532,Brazilian Embassy marks Independence Day - INQUIRER.net,https://news.google.com/rss/articles/CBMiT2h0dHBzOi8vbGlmZXN0eWxlLmlucXVpcmVyLm5ldC8zMTE3MDYvYnJhemlsaWFuLWVtYmFzc3ktbWFya3MtaW5kZXBlbmRlbmNlLWRheS_SAVNodHRwczovL2xpZmVzdHlsZS5pbnF1aXJlci5uZXQvMzExNzA2L2JyYXppbGlhbi1lbWJhc3N5LW1hcmtzLWluZGVwZW5kZW5jZS1kYXkvYW1wLw?oc=5,"Wed, 31 Oct 2018 07:00:00 GMT",0
4749,Delhi Police launch bicycle patrol - The Financial Express,https://news.google.com/rss/articles/CBMiVmh0dHBzOi8vd3d3LmZpbmFuY2lhbGV4cHJlc3MuY29tL2luZGlhLW5ld3MvZGVsaGktcG9saWNlLWxhdW5jaC1iaWN5Y2xlLXBhdHJvbC82OTM3MzAv0gFbaHR0cHM6Ly93d3cuZmluYW5jaWFsZXhwcmVzcy5jb20vaW5kaWEtbmV3cy9kZWxoaS1wb2xpY2UtbGF1bmNoLWJpY3ljbGUtcGF0cm9sLzY5MzczMC9saXRlLw?oc=5,"Wed, 31 May 2017 07:00:00 GMT",0
1603,Delhi Police launch bicycle patrol - The Financial Express,https://news.google.com/rss/articles/CBMiVmh0dHBzOi8vd3d3LmZpbmFuY2lhbGV4cHJlc3MuY29tL2luZGlhLW5ld3MvZGVsaGktcG9saWNlLWxhdW5jaC1iaWN5Y2xlLXBhdHJvbC82OTM3MzAv0gFbaHR0cHM6Ly93d3cuZmluYW5jaWFsZXhwcmVzcy5jb20vaW5kaWEtbmV3cy9kZWxoaS1wb2xpY2UtbGF1bmNoLWJpY3ljbGUtcGF0cm9sLzY5MzczMC9saXRlLw?oc=5,"Wed, 31 May 2017 07:00:00 GMT",0
6755,"IRCTC Uttarakhand tour package: Tour date, costs, itinerary and ... - Scroll.in",https://news.google.com/rss/articles/CBMicGh0dHBzOi8vc2Nyb2xsLmluL2Fubm91bmNlbWVudHMvOTMyMzMzL2lyY3RjLXV0dGFyYWtoYW5kLXRvdXItcGFja2FnZS10b3VyLWRhdGUtY29zdHMtaXRpbmVyYXJ5LWFuZC1tb3JlLWRldGFpbHPSAQA?oc=5,"Wed, 31 Jul 2019 07:00:00 GMT",0
6748,"China has a massive ice cave that never melts, even in summers! - Times of India",https://news.google.com/rss/articles/CBMijgFodHRwczovL3RpbWVzb2ZpbmRpYS5pbmRpYXRpbWVzLmNvbS90cmF2ZWwvZGVzdGluYXRpb25zL2NoaW5hLWhhcy1hLW1hc3NpdmUtaWNlLWNhdmUtdGhhdC1uZXZlci1tZWx0cy1ldmVuLWluLXN1bW1lcnMvYXJ0aWNsZXNob3cvNzA0NjUxOTMuY21z0gGSAWh0dHBzOi8vdGltZXNvZmluZGlhLmluZGlhdGltZXMuY29tL3RyYXZlbC9kZXN0aW5hdGlvbnMvY2hpbmEtaGFzLWEtbWFzc2l2ZS1pY2UtY2F2ZS10aGF0LW5ldmVyLW1lbHRzLWV2ZW4taW4tc3VtbWVycy9hbXBfYXJ0aWNsZXNob3cvNzA0NjUxOTMuY21z?oc=5,"Wed, 31 Jul 2019 07:00:00 GMT",0
7221,"IRCTC Uttarakhand tour package: Tour date, costs, itinerary and ... - Scroll.in",https://news.google.com/rss/articles/CBMicGh0dHBzOi8vc2Nyb2xsLmluL2Fubm91bmNlbWVudHMvOTMyMzMzL2lyY3RjLXV0dGFyYWtoYW5kLXRvdXItcGFja2FnZS10b3VyLWRhdGUtY29zdHMtaXRpbmVyYXJ5LWFuZC1tb3JlLWRldGFpbHPSAQA?oc=5,"Wed, 31 Jul 2019 07:00:00 GMT",0
8484,International Finance Corporation (IFC) to invest $2.5 million in Pakistan�s leading VC Sarmayacar - MENAbytes,https://news.google.com/rss/articles/CBMiKWh0dHBzOi8vd3d3Lm1lbmFieXRlcy5jb20vaWZjLXNhcm1heWFjYXIv0gEtaHR0cHM6Ly93d3cubWVuYWJ5dGVzLmNvbS9pZmMtc2FybWF5YWNhci9hbXAv?oc=5,"Wed, 31 Jul 2019 07:00:00 GMT",0
7214,"China has a massive ice cave that never melts, even in summers! - Times of India",https://news.google.com/rss/articles/CBMijgFodHRwczovL3RpbWVzb2ZpbmRpYS5pbmRpYXRpbWVzLmNvbS90cmF2ZWwvZGVzdGluYXRpb25zL2NoaW5hLWhhcy1hLW1hc3NpdmUtaWNlLWNhdmUtdGhhdC1uZXZlci1tZWx0cy1ldmVuLWluLXN1bW1lcnMvYXJ0aWNsZXNob3cvNzA0NjUxOTMuY21z0gGSAWh0dHBzOi8vdGltZXNvZmluZGlhLmluZGlhdGltZXMuY29tL3RyYXZlbC9kZXN0aW5hdGlvbnMvY2hpbmEtaGFzLWEtbWFzc2l2ZS1pY2UtY2F2ZS10aGF0LW5ldmVyLW1lbHRzLWV2ZW4taW4tc3VtbWVycy9hbXBfYXJ0aWNsZXNob3cvNzA0NjUxOTMuY21z?oc=5,"Wed, 31 Jul 2019 07:00:00 GMT",0
4225,In pictures: These unique ponies in Odisha need to be conserved - Down To Earth Magazine,https://news.google.com/rss/articles/CBMihQFodHRwczovL3d3dy5kb3dudG9lYXJ0aC5vcmcuaW4vZ2FsbGVyeS93aWxkbGlmZS1hbmQtYmlvZGl2ZXJzaXR5L2luLXBpY3R1cmVzLXRoZXNlLXVuaXF1ZS1wb25pZXMtaW4tb2Rpc2hhLW5lZWQtdG8tYmUtY29uc2VydmVkLTg0NjQx0gGFAWh0dHBzOi8vd3d3LmRvd250b2VhcnRoLm9yZy5pbi9nYWxsZXJ5L3dpbGRsaWZlLWJpb2RpdmVyc2l0eS9hbXAvaW4tcGljdHVyZXMtdGhlc2UtdW5pcXVlLXBvbmllcy1pbi1vZGlzaGEtbmVlZC10by1iZS1jb25zZXJ2ZWQtODQ2NDE?oc=5,"Wed, 31 Aug 2022 07:00:00 GMT",0.109722222
4957,In pictures: These unique ponies in Odisha need to be conserved - Down To Earth Magazine,https://news.google.com/rss/articles/CBMihQFodHRwczovL3d3dy5kb3dudG9lYXJ0aC5vcmcuaW4vZ2FsbGVyeS93aWxkbGlmZS1hbmQtYmlvZGl2ZXJzaXR5L2luLXBpY3R1cmVzLXRoZXNlLXVuaXF1ZS1wb25pZXMtaW4tb2Rpc2hhLW5lZWQtdG8tYmUtY29uc2VydmVkLTg0NjQx0gGFAWh0dHBzOi8vd3d3LmRvd250b2VhcnRoLm9yZy5pbi9nYWxsZXJ5L3dpbGRsaWZlLWJpb2RpdmVyc2l0eS9hbXAvaW4tcGljdHVyZXMtdGhlc2UtdW5pcXVlLXBvbmllcy1pbi1vZGlzaGEtbmVlZC10by1iZS1jb25zZXJ2ZWQtODQ2NDE?oc=5,"Wed, 31 Aug 2022 07:00:00 GMT",0.109722222
5005,"At London's Top Mexican Restaurant Kol, There Are No Avocados or ... - Bloomberg",https://news.google.com/rss/articles/CBMieGh0dHBzOi8vd3d3LmJsb29tYmVyZy5jb20vbmV3cy9hcnRpY2xlcy8yMDIyLTA4LTMxL2F0LWxvbmRvbi1zLXRvcC1tZXhpY2FuLXJlc3RhdXJhbnQta29sLXRoZXJlLWFyZS1uby1hdm9jYWRvcy1vci1saW1lc9IBAA?oc=5,"Wed, 31 Aug 2022 07:00:00 GMT",0.25
7150,Glimpses of a fading culture in Uttarakhand�s mountains - thethirdpole.net,https://news.google.com/rss/articles/CBMiYGh0dHBzOi8vd3d3LnRoZXRoaXJkcG9sZS5uZXQvZW4vY3VsdHVyZS9nbGltcHNlcy1vZi1mYWRpbmctYmh1dGlhLWN1bHR1cmUtdXR0YXJha2hhbmQtbW91bnRhaW5zL9IBZGh0dHBzOi8vd3d3LnRoZXRoaXJkcG9sZS5uZXQvZW4vY3VsdHVyZS9nbGltcHNlcy1vZi1mYWRpbmctYmh1dGlhLWN1bHR1cmUtdXR0YXJha2hhbmQtbW91bnRhaW5zLz9hbXA?oc=5,"Wed, 31 Aug 2022 07:00:00 GMT",0
5750,India: PLFI Rankling Irritant In Jharkhand � Analysis - Eurasia Review,https://news.google.com/rss/articles/CBMiWmh0dHBzOi8vd3d3LmV1cmFzaWFyZXZpZXcuY29tLzMxMDgyMDIyLWluZGlhLXBsZmktcmFua2xpbmctaXJyaXRhbnQtaW4tamhhcmtoYW5kLWFuYWx5c2lzL9IBAA?oc=5,"Wed, 31 Aug 2022 07:00:00 GMT",0
984,In pictures: These unique ponies in Odisha need to be conserved - Down To Earth Magazine,https://news.google.com/rss/articles/CBMihQFodHRwczovL3d3dy5kb3dudG9lYXJ0aC5vcmcuaW4vZ2FsbGVyeS93aWxkbGlmZS1hbmQtYmlvZGl2ZXJzaXR5L2luLXBpY3R1cmVzLXRoZXNlLXVuaXF1ZS1wb25pZXMtaW4tb2Rpc2hhLW5lZWQtdG8tYmUtY29uc2VydmVkLTg0NjQx0gGFAWh0dHBzOi8vd3d3LmRvd250b2VhcnRoLm9yZy5pbi9nYWxsZXJ5L3dpbGRsaWZlLWJpb2RpdmVyc2l0eS9hbXAvaW4tcGljdHVyZXMtdGhlc2UtdW5pcXVlLXBvbmllcy1pbi1vZGlzaGEtbmVlZC10by1iZS1jb25zZXJ2ZWQtODQ2NDE?oc=5,"Wed, 31 Aug 2022 07:00:00 GMT",0.109722222
1811,In pictures: These unique ponies in Odisha need to be conserved - Down To Earth Magazine,https://news.google.com/rss/articles/CBMihQFodHRwczovL3d3dy5kb3dudG9lYXJ0aC5vcmcuaW4vZ2FsbGVyeS93aWxkbGlmZS1hbmQtYmlvZGl2ZXJzaXR5L2luLXBpY3R1cmVzLXRoZXNlLXVuaXF1ZS1wb25pZXMtaW4tb2Rpc2hhLW5lZWQtdG8tYmUtY29uc2VydmVkLTg0NjQx0gGFAWh0dHBzOi8vd3d3LmRvd250b2VhcnRoLm9yZy5pbi9nYWxsZXJ5L3dpbGRsaWZlLWJpb2RpdmVyc2l0eS9hbXAvaW4tcGljdHVyZXMtdGhlc2UtdW5pcXVlLXBvbmllcy1pbi1vZGlzaGEtbmVlZC10by1iZS1jb25zZXJ2ZWQtODQ2NDE?oc=5,"Wed, 31 Aug 2022 07:00:00 GMT",0.109722222
3968,"Regenstrief, VA Research Scientists addressing health disparity - Regenstrief Institute",https://news.google.com/rss/articles/CBMidGh0dHBzOi8vd3d3LnJlZ2Vuc3RyaWVmLm9yZy9hcnRpY2xlL3JlZ2Vuc3RyaWVmLXZhLXJlc2VhcmNoLXNjaWVudGlzdHMtYWRkcmVzc2luZy1oZWFsdGgtZGlzcGFyaXR5LWF0LXBhdGllbnQtbGV2ZWwv0gEA?oc=5,"Wed, 31 Aug 2022 07:00:00 GMT",0
2610,India: PLFI Rankling Irritant In Jharkhand � Analysis - Eurasia Review,https://news.google.com/rss/articles/CBMiWmh0dHBzOi8vd3d3LmV1cmFzaWFyZXZpZXcuY29tLzMxMDgyMDIyLWluZGlhLXBsZmktcmFua2xpbmctaXJyaXRhbnQtaW4tamhhcmtoYW5kLWFuYWx5c2lzL9IBAA?oc=5,"Wed, 31 Aug 2022 07:00:00 GMT",0
